kp,ki,kd,score,baseline_overshoot,baseline_settle,baseline_iae,baseline_bias,x_ref_only_overshoot,x_ref_only_settle,x_ref_only_iae,x_ref_only_bias,x_meas_only_overshoot,x_meas_only_settle,x_meas_only_iae,x_meas_only_bias,mixed_all_overshoot,mixed_all_settle,mixed_all_iae,mixed_all_bias
0.7262,0.0001,0.0378,447.9314,0.03,4.96,7.045,0.0013,1.19,5.4,7.612,-0.0198,2.35,4.82,7.957,0.0128,0.0,-1,214.17,-17.3821
1.2306,0.0025,0.1047,450.7552,0.18,2.84,4.487,0.0088,2.03,3.68,5.162,-0.0168,4.5,3.72,6.169,0.0163,0.0,-1,223.68,-18.0646
1.0395,0.0024,0.1998,455.1629,0.26,3.9,5.775,0.0129,1.79,4.44,6.287,-0.0104,4.51,3.7800000000000002,7.47,0.021,0.0,-1,221.853,-17.8913
1.6571,0.0108,0.0829,456.9703,0.42,1.78,3.498,0.0211,2.82,1.94,4.141,-0.0091,5.97,5.36,5.454,0.0246,0.0,-1,227.332,-18.3406
1.7743,0.002,0.1994,458.4409,0.08,2.04,3.329,0.0038,2.57,2.04,4.311,-0.0244,6.64,5.3,6.011,0.0081,0.0,-1,228.006,-18.3468
1.8564,0.0112,0.11,460.0761,0.36,1.6,3.183,0.0179,3.01,2.3000000000000003,3.979,-0.0128,6.66,5.34,5.503,0.0206,0.0,-1,228.439,-18.4087
1.6407,0.0419,0.0227,460.5708,1.61,1.5,4.091,0.055,3.6,1.44,4.114,0.0257,6.74,3.3000000000000003,5.333,0.0604,0.0,-1,228.271,-18.4636
1.9036,0.0162,0.132,462.4675,0.5,1.58,3.283,0.025,3.17,2.32,3.964,-0.007,7.05,5.34,5.606,0.0263,0.0,-1,228.848,-18.438
2.1437,0.0263,0.2088,468.3292,0.68,1.52,3.279,0.0339,3.55,2.34,3.895,-0.0008,8.28,5.32,5.968,0.0318,0.0,-1,230.127,-18.519
1.4207,0.0547,0.0598,470.1956,2.6,1.86,5.209,0.0829,4.19,3.06,4.857,0.055,7.25,1.92,5.999,0.0898,0.0,-1,227.766,-18.4589
1.2053,0.0447,0.0664,473.2309,2.89,2.2600000000000002,6.017,0.098,4.25,2.16,5.547,0.072,6.95,3.2600000000000002,6.646,0.1064,0.0,-1,225.953,-18.3438
0.7,0.0135,0.0761,476.2123,2.57,4.38,8.747,0.1179,3.5,4.54,8.437,0.0968,4.99,5.24,9.283,0.1294,0.0,-1,215.971,-17.5866
1.9168,0.0786,0.0036,479.6508,2.99,3.16,3.922,0.0584,4.56,3.98,3.937,0.0276,7.96,3.34,5.195,0.0623,0.0,-1,230.337,-18.6217
2.3332,0.0117,0.1385,480.0076,0.57,1.2,2.581,0.0122,3.5,1.18,3.714,-0.0192,8.06,-1,5.639,0.0133,0.0,-1,230.271,-18.5255
2.1223,0.0373,0.0168,482.7006,2.29,1.8,3.15,0.041,3.78,1.56,3.661,0.0014,7.48,11.34,5.13,0.0351,0.0,-1,229.96,-18.5499
2.194,0.0364,0.1754,487.3512,0.89,1.36,3.332,0.0437,3.77,2.38,3.803,0.0048,8.43,-1,5.809,0.0375,0.0,-1,230.424,-18.553
2.2229,0.0324,0.2249,487.7796,0.79,1.46,3.311,0.0394,3.72,2.36,3.865,0.0026,8.67,-1,6.051,0.0351,0.0,-1,230.513,-18.5472
2.1823,0.0396,0.1842,488.3504,0.97,1.3800000000000001,3.44,0.0483,3.81,2.38,3.829,0.0078,8.53,-1,5.857,0.0405,0.0,-1,230.47,-18.5577
2.5239,0.0502,0.2141,489.4759,1.03,1.18,3.141,0.0467,4.19,1.18,3.711,0.005,9.57,-1,6.044,0.0372,0.0,-1,231.522,-18.6253
1.7027,0.0945,0.1115,490.5412,3.26,1.54,4.97,0.0805,4.87,1.52,4.641,0.0512,8.89,8.28,5.99,0.0856,0.0,-1,230.252,-18.6302
2.6914,0.0483,0.1123,492.9134,2.44,1.56,2.745,0.0362,4.38,1.54,3.604,-0.003,9.46,-1,5.797,0.0291,0.0,-1,231.693,-18.6454
2.5356,0.0877,0.2066,495.3234,1.73,1.12,3.369,0.0509,4.52,1.46,3.756,0.0183,10.13,-1,6.042,0.0506,0.0,-1,232.057,-18.6835
2.5493,0.0836,0.1309,496.2529,2.35,1.82,3.203,0.0494,4.52,1.54,3.678,0.0132,9.71,-1,5.772,0.0459,0.0,-1,231.953,-18.683
0.881,0.0354,0.1921,496.9097,4.39,3.48,8.828,0.1639,4.96,3.7,8.369,0.1416,8.22,4.14,9.41,0.1739,0.0,-1,222.449,-18.0814
2.8243,0.0764,0.118,498.381,3.12,1.6600000000000001,2.931,0.0494,4.72,1.54,3.612,0.0039,10.14,-1,5.955,0.036,0.0,-1,232.297,-18.696
2.9633,0.0897,0.181,499.8707,2.47,1.58,2.918,0.0494,4.89,1.54,3.649,0.0068,10.84,-1,6.26,0.0384,0.0,-1,232.701,-18.7187
1.3247,0.0844,0.086,500.0644,4.42,1.92,6.253,0.1051,5.58,9.040000000000001,5.79,0.0784,8.89,1.94,6.827,0.1129,0.0,-1,228.589,-18.5642
0.6523,0.0193,0.1774,500.9584,4.3,4.76,10.679,0.1914,4.92,5.16,10.348,0.1709,7.35,5.0600000000000005,11.185,0.2027,0.0,-1,216.296,-17.5865
2.5587,0.1084,0.1454,505.4917,2.59,2.16,3.378,0.0518,4.73,4.0,3.736,0.0191,10.12,-1,5.852,0.0516,0.0,-1,232.315,-18.717
2.5893,0.0969,0.0058,506.7597,5.42,1.8800000000000001,3.114,0.0493,6.36,2.44,3.611,0.0091,9.36,-1,5.526,0.0418,0.0,-1,232.093,-18.7115
1.234,0.0539,0.0999,508.1426,3.36,2.24,6.249,0.106,4.69,2.16,5.747,0.08,7.75,15.32,6.873,0.1141,0.0,-1,226.724,-18.4015
1.8002,0.1067,0.0868,509.4279,3.32,11.1,4.715,0.0746,5.02,1.32,4.42,0.0447,8.93,8.3,5.782,0.0793,0.0,-1,230.79,-18.6697
1.8263,0.1139,0.0933,511.1562,3.46,11.26,4.724,0.0742,5.2,1.3,4.43,0.0443,9.14,8.3,5.81,0.0788,0.0,-1,231.019,-18.6863
1.1963,0.0654,0.0386,512.4822,4.06,2.08,6.414,0.1098,5.24,2.06,5.913,0.0837,7.95,15.38,6.923,0.1187,0.0,-1,227.005,-18.4647
1.1722,0.0657,0.0404,514.0542,4.22,2.12,6.568,0.1131,5.37,2.1,6.057,0.0873,8.04,15.38,7.075,0.1222,0.0,-1,226.877,-18.461
2.8694,0.1264,0.1454,516.3447,3.38,1.92,3.127,0.0497,5.03,7.3,3.674,0.0134,10.87,-1,6.104,0.0454,0.0,-1,232.936,-18.7541
2.4696,0.1623,0.0324,516.9314,5.35,5.74,3.611,0.053,6.64,4.86,3.813,0.0187,9.93,9.4,5.559,0.0519,0.0,-1,232.809,-18.7859
2.5828,0.1266,0.063,517.8425,4.37,2.2,3.337,0.0509,5.75,7.32,3.698,0.0163,9.92,-1,5.661,0.049,0.0,-1,232.524,-18.746
2.3504,0.1231,0.185,518.6744,2.59,6.5200000000000005,3.878,0.0604,5.03,4.84,3.941,0.0298,10.27,-1,5.958,0.0626,0.0,-1,232.22,-18.7225
2.6709,0.1296,0.0678,518.7464,4.56,2.08,3.259,0.0502,5.89,7.32,3.676,0.0146,10.14,-1,5.746,0.0472,0.0,-1,232.677,-18.7529
2.9431,0.1561,0.164,519.9731,3.59,2.2,3.209,0.0506,5.31,7.32,3.711,0.0151,11.36,-1,6.24,0.047,0.0,-1,233.311,-18.7842
1.3772,0.0905,0.1627,520.9657,4.6,2.02,6.419,0.109,5.79,2.02,5.942,0.0827,9.78,15.3,7.093,0.1164,0.0,-1,229.105,-18.5821
1.2429,0.0775,0.1317,521.1875,4.68,2.18,6.811,0.1183,5.83,2.12,6.288,0.0929,9.31,15.32,7.394,0.1266,0.0,-1,227.971,-18.518
2.6736,0.1671,0.1038,521.5057,4.35,5.0200000000000005,3.475,0.0525,5.86,4.84,3.775,0.0184,10.72,-1,5.871,0.0508,0.0,-1,233.117,-18.7906
2.8454,0.1496,0.0664,522.8613,5.41,1.98,3.17,0.0497,6.43,7.32,3.665,0.0122,10.67,-1,5.92,0.0445,0.0,-1,233.099,-18.7804
1.8423,0.2133,0.0072,523.3149,6.47,10.76,4.885,0.0574,8.08,8.16,4.683,0.0232,10.01,1.08,5.72,0.0586,0.0,-1,232.821,-18.8517
2.7011,0.1882,0.1738,526.3887,3.63,6.9,3.636,0.0546,5.85,4.86,3.871,0.0213,11.33,-1,6.11,0.0537,0.0,-1,233.378,-18.8068
2.0053,0.2719,0.0749,527.1891,6.86,10.24,4.826,0.0524,8.74,8.16,4.686,0.0144,10.93,1.26,5.906,0.0488,0.0,-1,233.672,-18.8949
2.784,0.2123,0.1145,528.9964,4.98,6.38,3.52,0.0518,6.51,4.86,3.817,0.0158,11.33,-1,6.021,0.0483,0.0,-1,233.648,-18.831
1.6787,0.1612,0.0525,530.0951,5.37,12.48,5.298,0.0716,6.93,1.28,4.969,0.0419,9.79,10.36,6.097,0.077,0.0,-1,231.723,-18.7802
1.9447,0.1491,0.0692,531.0096,4.17,10.78,4.575,0.0669,6.15,3.16,4.371,0.0361,9.54,13.34,5.664,0.0708,0.0,-1,231.924,-18.757
2.4534,0.3046,0.1404,531.1034,5.94,9.26,4.229,0.0509,7.87,3.16,4.268,0.0117,11.76,9.36,6.011,0.0447,0.0,-1,234.194,-18.8972
2.7098,0.2337,0.0815,533.369,5.85,7.08,3.622,0.0513,7.24,4.86,3.865,0.014,11.17,-1,5.904,0.0467,0.0,-1,233.773,-18.8494
2.3507,0.1728,0.245,533.9158,3.52,10.14,4.295,0.0649,5.88,8.120000000000001,4.203,0.0346,11.35,9.32,6.307,0.0671,0.0,-1,232.883,-18.7814
1.2207,0.0896,0.2298,534.2186,5.78,2.36,7.608,0.1334,6.82,2.24,7.06,0.1086,11.05,15.3,8.262,0.1414,0.0,-1,228.488,-18.5541
1.913,0.1467,0.2414,535.2334,4.25,13.1,5.184,0.0804,5.66,1.46,4.853,0.0515,11.06,-1,6.579,0.0845,0.0,-1,231.905,-18.7377
1.7184,0.2903,0.0215,535.556,8.89,10.18,5.366,0.0484,10.58,8.18,5.192,0.0059,11.0,1.12,6.149,0.0415,0.0,-1,233.732,-18.9285
2.1468,0.1717,0.0122,537.1972,5.31,8.84,4.121,0.0574,6.18,8.120000000000001,4.096,0.0244,9.57,-1,5.422,0.0588,0.0,-1,232.547,-18.7951
0.7507,0.0358,0.0515,537.4005,5.26,3.42,9.446,0.1833,5.77,3.66,8.959,0.1616,7.84,19.34,9.971,0.1957,0.0,-1,220.141,-18.023
0.9116,0.0424,0.1852,537.4671,4.82,3.2600000000000002,8.776,0.1667,5.56,3.6,8.293,0.1442,8.78,19.2,9.343,0.1767,0.0,-1,223.411,-18.1737
1.2134,0.0979,0.0211,538.4504,5.62,16.48,6.691,0.1062,6.32,9.64,6.235,0.0798,9.3,2.3000000000000003,7.171,0.1151,0.0,-1,228.649,-18.6207
2.9418,0.2964,0.0956,538.5045,6.79,6.94,3.527,0.0493,7.93,4.86,3.867,0.0076,11.98,-1,6.167,0.04,0.0,-1,234.365,-18.8854
2.3992,0.2477,0.1035,538.8103,5.42,9.16,4.123,0.0536,7.06,8.92,4.157,0.0176,11.07,9.38,5.823,0.0509,0.0,-1,233.68,-18.8617
1.6273,0.1651,0.0121,539.24,5.78,12.280000000000001,5.331,0.069,7.39,8.2,5.018,0.039,9.67,7.4,6.041,0.0744,0.0,-1,231.714,-18.7924
2.932,0.2375,0.1003,540.8762,5.92,5.94,3.412,0.0503,7.14,8.92,3.788,0.0119,11.66,-1,6.132,0.0441,0.0,-1,233.953,-18.8504
2.4939,0.1995,0.2002,542.1857,3.74,9.16,4.036,0.0585,6.27,8.92,4.082,0.0266,11.41,-1,6.12,0.0592,0.0,-1,233.307,-18.8136
2.6031,0.2359,0.1267,542.5292,4.92,8.26,3.837,0.0532,6.53,8.92,3.986,0.0176,11.33,-1,5.954,0.0504,0.0,-1,233.723,-18.8488
2.3958,0.3018,0.1338,542.6954,6.04,9.4,4.301,0.0511,7.98,8.14,4.315,0.0119,11.67,9.38,5.981,0.0451,0.0,-1,234.145,-18.8976
2.2626,0.2714,0.1333,542.8588,5.78,9.94,4.469,0.0536,7.9,8.14,4.412,0.0168,11.43,9.38,5.955,0.0504,0.0,-1,233.823,-18.8816
2.4003,0.2868,0.0446,542.9286,7.05,8.68,4.093,0.0502,8.32,8.92,4.154,0.0094,10.88,9.42,5.711,0.0427,0.0,-1,234.027,-18.8925
2.3576,0.2705,0.1882,542.9612,5.31,10.06,4.429,0.0547,7.69,8.14,4.385,0.0194,11.88,9.36,6.151,0.0526,0.0,-1,233.872,-18.875
2.8407,0.2603,0.2179,544.1391,4.21,8.2,3.748,0.0529,6.69,8.92,3.977,0.0173,12.31,-1,6.388,0.0492,0.0,-1,234.079,-18.8591
1.985,0.238,0.2441,544.4517,6.15,11.96,5.302,0.0632,7.63,1.3,5.036,0.032,12.39,-1,6.73,0.0655,0.0,-1,233.288,-18.8562
2.5654,0.2593,0.1238,545.421,5.32,8.64,3.943,0.0525,6.91,8.92,4.058,0.0156,11.44,-1,5.948,0.0485,0.0,-1,233.897,-18.8665
2.7497,0.284,0.1468,545.8877,5.38,8.18,3.792,0.0511,6.99,8.92,3.995,0.0126,11.93,-1,6.135,0.045,0.0,-1,234.194,-18.8785
2.3594,0.3306,0.0474,546.3627,7.74,8.72,4.231,0.0483,8.93,8.9,4.272,0.0037,11.09,9.42,5.763,0.0369,0.0,-1,234.357,-18.9192
2.2572,0.3093,0.1544,546.6631,6.41,9.88,4.594,0.0511,8.59,8.14,4.532,0.0114,11.86,9.36,6.089,0.0452,0.0,-1,234.145,-18.906
0.9462,0.0707,0.0771,547.1491,6.53,2.58,8.552,0.1537,7.39,2.6,7.978,0.1302,10.06,19.22,9.046,0.1645,0.0,-1,225.739,-18.4466
2.8025,0.301,0.133,547.3718,5.87,7.92,3.74,0.0501,7.48,8.92,3.974,0.01,12.01,-1,6.145,0.0423,0.0,-1,234.333,-18.8879
2.233,0.2566,0.0785,547.7339,6.01,9.64,4.367,0.0533,7.62,8.14,4.327,0.0166,10.84,-1,5.75,0.0503,0.0,-1,233.657,-18.8742
2.1334,0.2234,0.1369,548.9463,5.16,10.68,4.617,0.0591,7.35,8.16,4.477,0.0262,11.06,-1,5.962,0.0601,0.0,-1,233.234,-18.8442
1.5713,0.2085,0.0136,549.2799,7.44,11.76,5.637,0.0598,8.91,9.0,5.365,0.0274,10.45,7.42,6.322,0.0629,0.0,-1,232.49,-18.8621
1.858,0.2261,0.0846,549.368,6.33,11.24,5.101,0.0588,8.22,8.18,4.872,0.0254,10.76,10.34,6.075,0.0604,0.0,-1,233.026,-18.8601
2.7743,0.2982,0.055,549.5215,7.5,7.3,3.655,0.0492,8.54,8.92,3.918,0.0066,11.47,-1,5.947,0.0391,0.0,-1,234.298,-18.8907
1.9355,0.1956,0.1296,550.7863,5.22,11.66,4.963,0.0651,7.14,8.18,4.708,0.0342,10.78,-1,6.102,0.0685,0.0,-1,232.675,-18.8182
2.2612,0.4054,0.0727,550.9822,8.77,8.620000000000001,4.511,0.0458,9.78,8.46,4.533,-0.0059,11.64,9.4,5.964,0.0275,0.0,-1,234.817,-18.9539
2.3322,0.3884,0.1912,551.3826,7.43,9.32,4.637,0.047,9.67,8.14,4.63,0.0008,12.57,9.34,6.299,0.0344,0.0,-1,234.718,-18.9405
2.9971,0.3535,0.0902,551.9056,7.71,7.08,3.56,0.0483,8.65,8.92,3.924,0.0024,12.29,-1,6.237,0.0346,0.0,-1,234.727,-18.9119
2.2389,0.416,0.0575,552.4221,9.22,8.48,4.525,0.0456,10.04,8.48,4.552,-0.0079,11.76,9.4,5.953,0.0256,0.0,-1,234.876,-18.9586
2.1141,0.5481,0.2352,552.4945,11.38,8.22,5.175,0.0414,13.45,8.1,5.245,-0.0194,15.62,1.02,6.813,0.0138,0.0,-1,235.454,-18.9896
2.4527,0.3196,0.1948,552.5913,5.86,9.6,4.369,0.0511,8.23,8.14,4.379,0.0119,12.28,-1,6.219,0.0447,0.0,-1,234.308,-18.9034
2.0807,0.3857,0.0194,552.9153,9.6,8.68,4.685,0.0455,10.2,8.120000000000001,4.662,-0.0068,11.6,9.44,5.904,0.0273,0.0,-1,234.661,-18.9561
2.7407,0.3764,0.1835,552.93,6.22,8.58,4.015,0.0483,8.15,8.92,4.18,0.0038,12.61,-1,6.298,0.0363,0.0,-1,234.768,-18.9231
2.9301,0.3898,0.1316,553.1195,7.13,7.7,3.732,0.0479,8.64,8.92,4.02,0.0007,12.55,-1,6.286,0.0329,0.0,-1,234.892,-18.9258
0.9291,0.073,0.1105,553.2666,7.04,2.68,8.966,0.1623,7.88,2.7,8.389,0.1395,10.76,19.22,9.466,0.1732,0.0,-1,225.816,-18.4535
2.8824,0.317,0.0367,553.5955,8.49,6.82,3.553,0.0485,8.96,8.92,3.899,0.0036,12.59,-1,6.021,0.0358,0.0,-1,234.468,-18.8994
2.7545,0.2917,0.0062,554.2067,8.75,6.86,3.604,0.0488,9.21,8.92,3.9,0.0051,12.51,-1,5.85,0.0378,0.0,-1,234.244,-18.89
2.9527,0.3944,0.0876,554.7701,8.19,7.32,3.655,0.0477,9.2,8.92,3.99,-0.0013,12.34,-1,6.213,0.031,0.0,-1,234.922,-18.9285
2.5834,0.3504,0.2232,555.0458,5.9,9.3,4.273,0.0498,8.37,8.94,4.336,0.0087,12.7,-1,6.363,0.0414,0.0,-1,234.558,-18.9139
2.1066,0.3757,0.1702,555.3615,8.28,9.58,4.984,0.0464,10.4,8.16,4.918,0.0002,12.42,9.36,6.367,0.0337,0.0,-1,234.584,-18.9458
2.8234,0.4278,0.2254,555.6161,6.42,8.48,4.043,0.0474,8.65,8.92,4.233,-0.0004,13.15,-1,6.499,0.0319,0.0,-1,235.049,-18.9385
1.8397,0.2788,0.1166,556.4752,7.7,10.8,5.334,0.0524,9.5,8.2,5.133,0.0146,11.66,10.32,6.376,0.0492,0.0,-1,233.658,-18.9075
2.9642,0.473,0.2429,556.5836,6.6,8.16,3.949,0.0468,8.8,8.92,4.204,-0.0037,13.52,-1,6.651,0.0283,0.0,-1,235.262,-18.9477
2.5975,0.424,0.159,556.6344,7.37,8.5,4.206,0.0466,9.02,8.9,4.323,-0.0031,12.48,-1,6.205,0.03,0.0,-1,234.981,-18.9455
2.6984,0.3684,0.0371,556.9071,8.79,7.640000000000001,3.826,0.0477,9.8,8.92,4.052,-0.001,12.06,-1,5.908,0.0319,0.0,-1,234.713,-18.9263
0.9049,0.0907,0.2262,557.1548,9.29,-1,10.213,0.1774,10.02,2.82,9.635,0.1554,13.79,3.12,10.738,0.1877,0.0,-1,226.916,-18.5458
2.0701,0.3033,0.128,557.2539,7.07,10.16,4.877,0.0508,9.15,8.16,4.758,0.0111,11.66,-1,6.115,0.0449,0.0,-1,234.012,-18.9115
2.4013,0.3945,0.179,557.3206,7.31,9.120000000000001,4.504,0.047,9.45,8.120000000000001,4.525,0.0001,12.47,-1,6.237,0.0334,0.0,-1,234.769,-18.9406
1.9187,0.53,0.2048,557.8725,12.6,8.18,5.474,0.0398,14.46,8.1,5.519,-0.0213,15.84,1.08,6.898,0.0121,0.0,-1,235.378,-18.994
2.9638,0.5116,0.2015,557.9935,7.48,7.8,3.913,0.0464,9.27,8.92,4.195,-0.0084,13.33,-1,6.547,0.0236,0.0,-1,235.406,-18.9582
2.8895,0.5092,0.2182,558.3373,7.39,8.0,4.02,0.0463,9.24,8.9,4.26,-0.0083,13.35,-1,6.551,0.0239,0.0,-1,235.386,-18.9589
2.5065,0.4194,0.061,558.5244,8.86,8.08,4.15,0.0464,10.2,8.88,4.273,-0.006,11.61,-1,5.912,0.0268,0.0,-1,234.942,-18.9499
2.2037,0.4587,0.1433,558.5959,9.37,8.6,4.79,0.0442,11.22,8.120000000000001,4.814,-0.0111,13.24,9.36,6.284,0.0226,0.0,-1,235.082,-18.9699
2.9484,0.518,0.174,558.7672,7.95,7.640000000000001,3.892,0.0463,9.66,8.9,4.182,-0.0098,13.14,-1,6.466,0.0222,0.0,-1,235.429,-18.9607
2.7285,0.422,0.0578,558.9465,9.02,7.640000000000001,3.882,0.047,10.18,8.9,4.118,-0.0055,12.24,-1,6.001,0.027,0.0,-1,235.006,-18.9443
2.8948,0.5306,0.203,559.1295,7.79,7.82,4.003,0.0461,9.51,8.9,4.258,-0.0105,13.29,-1,6.518,0.0216,0.0,-1,235.463,-18.9638
2.564,0.4439,0.0567,559.9968,9.3,7.86,4.094,0.0464,10.63,8.88,4.252,-0.0085,11.7,-1,5.94,0.0244,0.0,-1,235.077,-18.9555
2.7607,0.5043,0.1199,560.2787,8.81,7.66,4.004,0.0461,10.34,8.88,4.236,-0.0111,12.53,-1,6.209,0.0216,0.0,-1,235.362,-18.9639
1.9428,0.566,0.21,560.5307,13.07,7.9,5.429,0.0392,14.96,8.1,5.512,-0.0235,16.5,1.06,6.907,0.01,0.0,-1,235.517,-18.9973
1.9694,0.4203,0.0224,560.5666,10.66,8.48,4.915,0.0442,11.58,8.120000000000001,4.904,-0.0129,12.79,9.44,6.06,0.0217,0.0,-1,234.856,-18.9721
2.0265,0.3479,0.1141,560.9113,8.23,9.66,4.977,0.047,10.2,8.16,4.891,0.002,11.78,-1,6.171,0.0359,0.0,-1,234.367,-18.9394
2.1671,0.4798,0.0212,561.0361,11.13,7.88,4.604,0.0446,11.96,8.52,4.663,-0.0167,12.64,9.42,5.99,0.017,0.0,-1,235.198,-18.9788
1.5417,0.2394,0.0259,561.3911,8.6,11.28,5.826,0.054,9.92,8.98,5.576,0.0183,11.0,10.38,6.522,0.0538,0.0,-1,232.976,-18.9001
2.619,0.5223,0.1676,561.7198,8.64,7.98,4.262,0.0453,10.07,8.88,4.424,-0.0125,13.02,-1,6.308,0.0202,0.0,-1,235.409,-18.9706
1.4751,0.1323,0.0567,562.3066,5.46,14.16,5.884,0.0857,6.1,9.040000000000001,5.497,0.0576,9.69,15.34,6.54,0.0925,0.0,-1,230.65,-18.724
2.8723,0.4349,0.0425,563.0135,9.77,7.18,3.723,0.0472,10.34,8.92,4.055,-0.0067,13.79,-1,6.086,0.0255,0.0,-1,235.094,-18.9449
2.8489,0.5928,0.2388,563.4689,8.36,7.74,4.145,0.0453,10.24,8.88,4.386,-0.0151,14.0,-1,6.634,0.0171,0.0,-1,235.65,-18.9756
1.9181,0.4317,0.0124,563.6704,11.27,8.34,4.993,0.0437,12.13,8.120000000000001,4.987,-0.015,13.22,9.44,6.1,0.0196,0.0,-1,234.919,-18.9778
1.3912,0.1338,0.2029,563.9773,6.48,16.06,6.903,0.1034,7.11,16.5,6.476,0.0771,11.81,2.18,7.613,0.1103,0.0,-1,230.55,-18.713
2.6159,0.5668,0.1185,564.4787,9.87,7.5200000000000005,4.204,0.0452,11.31,8.56,4.403,-0.0172,12.89,-1,6.21,0.0157,0.0,-1,235.573,-18.9798
1.4139,0.1174,0.0796,564.6397,5.31,15.14,6.14,0.0945,6.12,9.06,5.732,0.0672,9.72,15.32,6.759,0.1016,0.0,-1,230.069,-18.6821
2.775,0.5979,0.1125,564.8336,10.14,7.22,4.031,0.0456,11.61,8.56,4.308,-0.018,12.91,-1,6.255,0.0143,0.0,-1,235.673,-18.9803
2.5814,0.5133,0.2431,564.8671,8.23,8.42,4.45,0.045,10.5,8.88,4.568,-0.0104,13.78,-1,6.553,0.0224,0.0,-1,235.358,-18.9677
2.0974,0.3074,0.0161,564.9337,8.04,9.28,4.562,0.0487,8.8,8.14,4.503,0.0051,10.65,17.44,5.735,0.0394,0.0,-1,234.064,-18.9182
1.9786,0.3151,0.2188,564.9648,7.82,10.700000000000001,5.343,0.0511,9.58,8.18,5.161,0.0124,12.84,-1,6.746,0.0462,0.0,-1,234.074,-18.9199
2.4719,0.5247,0.1995,566.0655,8.99,8.22,4.521,0.0446,10.95,8.5,4.631,-0.0134,13.82,-1,6.426,0.0197,0.0,-1,235.398,-18.9746
2.4018,0.5035,0.03,566.2907,10.89,7.6000000000000005,4.297,0.0453,12.12,8.540000000000001,4.432,-0.0161,12.2,-1,5.944,0.0171,0.0,-1,235.317,-18.9754
2.424,0.5475,0.1108,566.4715,10.19,7.7,4.428,0.0446,11.27,8.540000000000001,4.56,-0.0179,13.28,-1,6.194,0.0154,0.0,-1,235.488,-18.9817
1.9331,0.4706,0.0265,567.1429,11.86,8.06,5.009,0.043,12.76,8.1,5.034,-0.0188,13.94,9.42,6.169,0.0159,0.0,-1,235.133,-18.9858
2.7037,0.5653,0.0649,568.1884,10.76,7.18,4.023,0.0458,11.98,8.56,4.288,-0.0174,13.74,-1,6.1,0.0151,0.0,-1,235.574,-18.9781
2.2067,0.4704,0.2243,569.7404,9.43,8.86,4.976,0.0437,11.62,8.120000000000001,4.992,-0.0106,13.93,-1,6.611,0.0228,0.0,-1,235.129,-18.9709
1.101,0.0974,0.085,570.0842,6.75,18.02,7.724,0.1246,7.4,2.12,7.212,0.0998,10.59,16.28,8.217,0.1343,0.0,-1,228.201,-18.6073
1.8537,0.4092,0.2354,570.1043,10.76,9.56,5.724,0.0423,12.19,8.18,5.602,-0.0075,14.44,9.32,7.151,0.0256,0.0,-1,234.75,-18.9704
1.5159,0.2848,0.1257,571.5717,10.35,10.96,6.305,0.0481,10.79,9.0,6.056,0.009,12.97,10.32,7.203,0.043,0.0,-1,233.583,-18.9382
2.2621,0.5739,0.1118,573.1148,11.25,7.6000000000000005,4.665,0.0433,12.24,8.540000000000001,4.789,-0.0216,14.39,-1,6.289,0.012,0.0,-1,235.562,-18.9895
1.7496,0.4102,0.1917,573.3027,11.58,9.34,5.846,0.0411,12.92,8.18,5.732,-0.0109,14.64,9.34,7.105,0.0226,0.0,-1,234.751,-18.9781
2.0,0.5426,0.1052,573.618,12.29,7.78,5.073,0.0416,13.79,8.48,5.154,-0.0227,15.32,9.36,6.42,0.0117,0.0,-1,235.439,-18.9934
2.9475,0.5618,0.0044,574.0965,12.56,6.58,3.706,0.0467,11.97,7.34,4.168,-0.0164,16.93,-1,6.162,0.015,0.0,-1,235.597,-18.9735
2.2506,0.5895,0.0857,574.135,11.82,7.4,4.635,0.0432,12.49,8.540000000000001,4.769,-0.0231,14.37,-1,6.23,0.0108,0.0,-1,235.618,-18.9921
1.3429,0.214,0.0003,576.1779,9.42,11.9,6.406,0.0566,9.79,9.040000000000001,6.123,0.0232,11.37,14.38,7.012,0.0591,0.0,-1,232.387,-18.8935
1.0016,0.097,0.052,576.5838,7.66,18.1,8.264,0.1295,8.14,2.18,7.748,0.1058,10.96,16.3,8.734,0.1403,0.0,-1,227.718,-18.6144
2.1854,0.5459,0.1956,576.7372,10.86,8.120000000000001,4.959,0.0423,12.85,8.46,5.042,-0.0191,15.09,-1,6.58,0.0143,0.0,-1,235.458,-18.9877
0.6748,0.0799,0.0902,577.6828,12.04,-1,12.059,0.2033,12.47,3.12,11.513,0.183,14.87,3.06,12.53,0.2173,0.0,-1,224.405,-18.526
1.3306,0.3407,0.0031,578.0739,14.04,9.18,6.467,0.0384,14.77,8.2,6.305,-0.0146,14.88,7.44,7.093,0.0209,0.0,-1,234.164,-18.9871
1.8105,0.501,0.2012,579.4308,13.0,8.36,5.703,0.039,14.65,8.120000000000001,5.712,-0.0205,15.72,9.32,7.066,0.0128,0.0,-1,235.247,-18.9938
1.2225,0.2514,0.0328,582.1718,12.34,11.02,7.059,0.0454,12.51,9.040000000000001,6.798,0.0064,13.64,10.38,7.701,0.0411,0.0,-1,232.997,-18.9498
2.1531,0.5959,0.2055,582.5805,11.91,7.76,5.037,0.0413,13.85,8.5,5.154,-0.0228,16.12,-1,6.695,0.0106,0.0,-1,235.626,-18.9947
0.935,0.1154,0.0227,583.4571,9.65,16.52,8.728,0.1138,9.51,16.52,8.272,0.0907,12.57,2.2,9.17,0.1256,0.0,-1,228.455,-18.7181
1.7394,0.5608,0.0266,585.124,15.27,7.18,5.377,0.0388,16.35,7.36,5.483,-0.0279,17.14,9.38,6.472,0.008,0.0,-1,235.511,-19.0028
1.6188,0.4961,0.031,586.8616,14.95,7.66,5.671,0.0385,16.41,8.08,5.721,-0.0254,16.7,9.4,6.621,0.0104,0.0,-1,235.237,-19.0008
1.7015,0.4919,0.242,586.9216,14.04,8.46,6.078,0.0365,15.02,8.14,6.063,-0.0212,17.35,9.3,7.542,0.0116,0.0,-1,235.201,-18.9971
1.2956,0.2233,0.0982,586.9558,10.54,12.24,7.033,0.0568,10.46,9.120000000000001,6.765,0.0246,13.32,14.32,7.765,0.059,0.0,-1,232.525,-18.9062
1.2267,0.22,0.0418,587.4188,11.05,11.96,7.088,0.0538,11.06,9.1,6.82,0.0204,12.89,14.34,7.735,0.0556,0.0,-1,232.42,-18.9156
1.7473,0.5649,0.1748,588.7262,14.95,7.6000000000000005,5.733,0.036,16.6,8.08,5.84,-0.0263,17.29,9.3,7.042,0.0073,0.0,-1,235.512,-19.0022
1.322,0.3344,0.0986,589.2198,14.13,9.64,6.862,0.0372,14.46,8.24,6.658,-0.0116,15.99,10.3,7.675,0.0219,0.0,-1,234.097,-18.9861
1.414,0.3318,0.2317,589.9083,13.29,10.36,7.045,0.0393,13.34,9.0,6.818,-0.0046,16.16,10.28,8.206,0.0281,0.0,-1,234.068,-18.9752
1.4248,0.1787,0.1848,590.1971,7.88,14.16,6.815,0.0812,7.85,9.72,6.487,0.0545,12.72,18.26,7.616,0.088,0.0,-1,231.734,-18.8138
1.4862,0.3398,0.2383,591.8353,12.66,10.34,6.808,0.0406,12.91,8.98,6.584,-0.0035,15.84,-1,8.021,0.0293,0.0,-1,234.156,-18.9714
1.2054,0.2084,0.091,592.1446,11.03,12.6,7.425,0.0592,10.43,9.68,7.158,0.0289,13.8,14.34,8.11,0.0632,0.0,-1,232.148,-18.9005
1.2766,0.1453,0.0733,593.8224,7.47,14.8,6.908,0.0895,7.39,16.48,6.531,0.0629,11.19,15.32,7.497,0.0979,0.0,-1,230.599,-18.7656
1.1963,0.2399,0.1115,594.7031,12.54,11.68,7.546,0.0484,11.9,9.14,7.298,0.0132,14.91,13.32,8.295,0.0471,0.0,-1,232.784,-18.9418
1.0824,0.3028,0.0012,597.595,16.66,9.32,7.48,0.0316,16.71,8.26,7.301,-0.0168,17.45,8.36,8.075,0.018,0.0,-1,233.735,-18.9993
1.3031,0.1443,0.1466,598.1878,7.44,15.42,7.126,0.0966,7.61,16.48,6.726,0.0705,11.98,15.3,7.751,0.1046,0.0,-1,230.637,-18.7522
1.7694,0.5939,0.2081,598.8884,15.34,7.46,5.753,0.0348,16.97,8.06,5.888,-0.027,17.82,-1,7.192,0.0062,0.0,-1,235.614,-19.0035
1.16,0.291,0.1473,599.5013,15.32,10.36,7.802,0.0344,14.51,9.040000000000001,7.576,-0.008,16.95,10.3,8.671,0.0243,0.0,-1,233.573,-18.9865
1.3586,0.5041,0.0004,601.1096,18.7,7.04,6.212,0.0303,19.91,7.36,6.364,-0.0285,19.35,7.8,7.053,0.0079,0.0,-1,235.269,-19.0076
1.283,0.2315,0.1672,601.9003,11.27,12.34,7.4,0.0561,10.65,9.64,7.147,0.0245,14.82,17.32,8.238,0.058,0.0,-1,232.656,-18.9147
1.332,0.4557,0.0725,601.9154,17.69,7.74,6.57,0.0291,18.11,8.08,6.646,-0.026,18.73,9.32,7.473,0.0086,0.0,-1,235.018,-19.0068
1.1587,0.3513,0.1323,603.6625,17.54,9.040000000000001,7.585,0.0248,17.25,8.24,7.502,-0.0214,19.02,8.3,8.523,0.0114,0.0,-1,234.257,-19.0064
1.2201,0.3418,0.2218,603.7919,16.49,9.68,7.734,0.0277,15.73,8.96,7.583,-0.0168,18.58,9.32,8.874,0.0144,0.0,-1,234.155,-19.0002
1.6134,0.5468,0.2047,604.2439,16.21,7.66,6.128,0.032,17.27,8.06,6.235,-0.0265,18.67,-1,7.514,0.0068,0.0,-1,235.443,-19.0048
0.9648,0.2934,0.0098,609.0761,18.81,9.14,8.08,0.0202,18.13,8.3,8.004,-0.0216,19.01,8.38,8.729,0.0122,0.0,-1,233.611,-19.0112
0.9875,0.2589,0.1289,614.5583,17.24,10.56,8.685,0.0262,16.44,9.16,8.491,-0.0114,19.15,10.3,9.47,0.0202,0.0,-1,233.068,-18.9986
1.0721,0.1226,0.156,614.8856,8.82,17.080000000000002,8.507,0.1206,9.12,16.54,8.032,0.0975,13.1,15.32,9.066,0.13,0.0,-1,229.27,-18.7047
1.1358,0.3765,0.2369,615.1167,19.39,8.86,7.96,0.0061,18.28,8.26,8.09,-0.026,21.39,8.26,9.347,0.004,0.0,-1,234.476,-19.015
0.9622,0.1057,0.058,615.4389,8.77,17.56,8.686,0.127,9.05,16.56,8.189,0.104,11.98,16.3,9.161,0.1381,0.0,-1,228.038,-18.6615
1.4611,0.5305,0.2394,616.5622,18.08,7.62,6.599,0.022,18.48,8.06,6.786,-0.027,21.08,-1,8.148,0.0054,0.0,-1,235.371,-19.0077
0.8435,0.2182,0.0064,617.6714,17.94,10.74,9.098,0.0255,17.0,9.3,8.894,-0.0102,18.7,10.42,9.671,0.0229,0.0,-1,232.231,-19.0002
1.0136,0.2841,0.1813,619.622,18.09,10.16,8.686,0.0185,17.31,9.1,8.543,-0.0178,20.38,10.28,9.663,0.0129,0.0,-1,233.461,-19.0083
0.8515,0.1593,0.0099,630.3709,14.08,13.4,9.304,0.0638,13.68,15.700000000000001,9.013,0.0379,16.26,14.42,9.788,0.072,0.0,-1,230.355,-18.9026
0.8453,0.2056,0.0662,631.3055,17.48,11.46,9.507,0.0302,16.84,10.700000000000001,9.295,-0.0019,19.55,13.3,10.112,0.0299,0.0,-1,231.895,-18.9897
0.9104,0.1486,0.0977,632.6204,12.64,14.76,9.417,0.0864,12.41,16.46,9.052,0.0639,15.91,15.3,9.963,0.0973,0.0,-1,229.972,-18.8427
0.9021,0.302,0.1574,635.8549,21.58,9.28,9.287,-0.0239,20.71,8.94,9.226,-0.0311,23.15,9.32,10.153,-0.0018,0.0,-1,233.724,-19.0294
0.9538,0.1524,0.1858,636.1503,12.54,15.16,9.614,0.094,12.3,16.48,9.229,0.0725,16.71,15.280000000000001,10.281,0.1039,0.0,-1,230.183,-18.8314
0.8834,0.2509,0.1893,636.458,19.75,10.6,9.645,0.0016,19.12,9.66,9.553,-0.0232,22.96,10.3,10.621,0.0058,0.0,-1,232.922,-19.0233
1.2318,0.5771,0.2432,636.5085,23.52,6.78,7.676,-0.0463,23.81,7.22,7.75,-0.0267,26.18,7.72,8.959,0.0056,0.0,-1,235.542,-19.0075
0.9402,0.3144,0.2382,639.6152,21.58,9.44,9.469,-0.0289,20.7,9.0,9.352,-0.0331,24.27,9.3,10.495,-0.0052,0.0,-1,233.875,-19.0319
0.9707,0.4297,0.1651,641.5764,25.03,7.5200000000000005,8.757,-0.0268,23.98,7.46,8.971,-0.0262,25.55,7.34,9.728,0.0048,0.0,-1,234.865,-19.014
0.7741,0.1444,0.0183,642.0658,14.92,13.94,10.114,0.071,14.51,15.72,9.785,0.0473,17.26,15.32,10.606,0.0811,0.0,-1,229.578,-18.8924
1.127,0.5715,0.0996,642.3127,25.37,6.26,7.469,-0.0318,25.54,6.54,7.669,-0.0263,26.18,8.8,8.375,0.0088,0.0,-1,235.523,-19.0055
0.6436,0.1503,0.0038,654.114,19.32,12.66,11.324,0.031,18.54,12.32,11.137,0.0074,21.23,13.42,11.92,0.0391,0.0,-1,229.777,-18.9948
0.7392,0.3045,0.0094,655.7327,26.29,8.22,9.944,-0.0274,25.19,8.18,10.086,-0.0318,26.45,8.28,10.377,-0.0012,0.0,-1,233.78,-19.0288
0.7209,0.1211,0.078,656.6354,14.81,15.700000000000001,11.265,0.1084,14.78,16.5,10.871,0.0886,17.65,16.22,11.804,0.1215,0.0,-1,228.101,-18.817
0.667,0.1677,0.0648,657.7987,20.35,12.18,11.391,0.0114,19.56,11.6,11.2,-0.0093,22.58,13.3,12.078,0.0207,0.0,-1,230.587,-19.0223
0.7738,0.3215,0.0914,658.6772,26.31,8.36,10.118,-0.0285,25.3,8.22,10.241,-0.0341,27.16,8.28,10.667,-0.0047,0.0,-1,233.979,-19.0311
0.7456,0.1613,0.168,659.1548,17.96,13.46,11.359,0.0521,17.46,14.02,11.115,0.0288,21.19,14.280000000000001,12.161,0.0592,0.0,-1,230.295,-18.9564
0.7489,0.1665,0.2419,667.7614,18.74,13.52,11.794,0.0481,18.36,14.0,11.594,0.0262,22.79,14.26,12.763,0.0546,0.0,-1,230.49,-18.9681
0.9183,0.4921,0.1272,670.9275,28.77,6.72,8.829,-0.0017,28.25,6.7,9.262,-0.0193,29.42,10.78,9.903,0.0134,0.0,-1,235.207,-19.0028
0.8844,0.5362,0.0498,673.5954,31.33,6.1000000000000005,8.827,0.017,31.31,6.04,9.144,-0.0189,31.66,6.42,9.56,0.0168,0.0,-1,235.395,-18.9997
0.6542,0.277,0.042,674.751,28.41,8.68,11.31,-0.0347,27.03,8.42,11.402,-0.0446,28.67,8.44,11.676,-0.0165,0.0,-1,233.422,-19.0481
0.9431,0.5297,0.2419,678.6436,29.74,6.82,9.373,0.0104,28.68,6.76,9.75,-0.0155,30.61,10.78,10.642,0.0149,0.0,-1,235.369,-18.9998
0.8441,0.5008,0.0714,687.611,31.51,6.4,9.37,0.0217,31.1,6.5,9.665,-0.0153,31.73,10.8,10.125,0.0194,0.0,-1,235.244,-18.9981
0.8518,0.5015,0.1396,688.1605,31.46,6.640000000000001,9.745,0.0248,30.52,6.640000000000001,10.018,-0.0129,31.59,10.8,10.628,0.0195,0.0,-1,235.25,-18.9963
0.7381,0.4129,0.1063,689.9621,32.21,7.22,10.875,0.0248,30.89,7.3,11.105,-0.0104,32.51,7.68,11.481,0.0197,0.0,-1,234.762,-18.9972
0.8948,0.5094,0.2483,691.754,30.69,6.96,9.948,0.0188,29.0,7.08,10.258,-0.0132,31.6,13.22,11.102,0.0166,0.0,-1,235.291,-18.9982
0.6086,0.295,0.1127,706.9106,32.14,8.620000000000001,12.879,-0.0339,31.15,8.44,12.838,-0.0498,33.41,8.4,13.165,-0.025,0.0,-1,233.672,-19.0478
0.6004,0.2349,0.2317,714.9883,29.46,10.34,14.038,-0.1028,28.48,9.96,13.763,-0.1137,32.74,10.28,14.529,-0.0913,0.0,-1,232.782,-19.1513
0.7599,0.5177,0.1134,722.8117,35.67,10.58,10.735,0.032,34.47,11.08,11.035,-0.0042,35.1,6.48,11.464,0.0294,0.0,-1,235.331,-18.9874
0.7738,0.563,0.1586,731.5484,36.89,10.44,10.882,0.0289,35.78,11.0,11.221,-0.0025,36.69,6.38,11.728,0.031,0.0,-1,235.507,-18.9861
0.7118,0.5151,0.0724,735.574,37.67,10.46,11.122,0.0285,36.49,11.0,11.452,-0.0012,36.84,6.44,11.781,0.0331,0.0,-1,235.325,-18.9858
